{
    "accuracy": 0.8164134601732216,
    "precision": 0.700836820083682,
    "recall": 0.5377207062600321,
    "f1_score": 0.6085376930063578,
    "roc_auc": 0.8640612206192918
}